source,group,w01_outcome,w01_attempted,w01_elapsed_s,scope,production_outcome,production_attempted,production_failure,request_timeout_s,tier_deadline_offset_s,completed_offset_s,completed_after_deadline,http_status,http_exception,http_call_elapsed_s,fetch_parse_non_http_s,diagnostic_analysis_s,feed_version,parse_outcome,item_count,time_rejections,fresh_issuer_matches,fresh_unmatched_items,raw_sha256,raw_local_path
https://www.benzinga.com/feed,FAST_TRADING,available,True,1.4004620999912731,production_fast,available,True,,2.592939750000369,5.203401100006886,3.7474125000298955,False,200,,2.910733100026846,0.7716700999881141,0.04677770001580939,rss20,recognized_feed,10,"{'missing_title': 0, 'missing_time': 0, 'future': 0, 'stale': 0, 'fresh': 10}","{'KNRX': 0, 'LFCR': 0}",10,72c75ea968bec4a5fbbb60ab4b42dc6dc90a4c451b5d121688c49c5978eeec65,C:\Users\nelzo\.codex\worktrees\w01-consolidation\ibkr-trading-system\output\w02\provider_pass_20260928\raw_responses\00.response
https://www.globenewswire.com/RssFeed?Category=Finance,FAST_TRADING,available,True,2.819909200014081,production_fast,available,True,,2.592939750000369,5.203401100006886,3.5167138000251725,False,200,,3.128927899990231,0.35666370001854375,0.011138900008518249,rss20,recognized_feed,20,"{'missing_title': 0, 'missing_time': 0, 'future': 0, 'stale': 0, 'fresh': 20}","{'KNRX': 0, 'LFCR': 0}",20,2a6b59d6172803be1c2eb4135a33f1f135aaf3411514039035d48d09e7e8dbfc,C:\Users\nelzo\.codex\worktrees\w01-consolidation\ibkr-trading-system\output\w02\provider_pass_20260928\raw_responses\01.response
https://www.globenewswire.com/RssFeed/industry/9000-Technology/feedTitle/GlobeNewswire%20-%20Industry%20News%20on%20Technology,FAST_TRADING,available,True,2.9833348999964073,production_fast,available,True,,2.592939750000369,5.203401100006886,3.2186928000301123,False,200,,2.880900099989958,0.28133420000085607,0.03559540002606809,rss20,recognized_feed,20,"{'missing_title': 0, 'missing_time': 0, 'future': 0, 'stale': 0, 'fresh': 20}","{'KNRX': 0, 'LFCR': 0}",20,2bac4f85270a39c3ec1b4b66c909ba04047e9809cce37ffad9167d6cb9eca7ea,C:\Users\nelzo\.codex\worktrees\w01-consolidation\ibkr-trading-system\output\w02\provider_pass_20260928\raw_responses\02.response
https://www.reuters.com/markets/rss,FAST_TRADING,provider_error,True,1.085860599996522,production_fast,provider_error,True,HTTP_401,2.592939750000369,5.203401100006886,2.775694600015413,False,401,,2.753752499993425,,0,,,,,,,f72413b8c5eb644574509e4e6532fa44de2bad5908e9988469ccb2f9783dbe44,C:\Users\nelzo\.codex\worktrees\w01-consolidation\ibkr-trading-system\output\w02\provider_pass_20260928\raw_responses\03.response
https://www.marketwatch.com/rss/topstories,FAST_TRADING,available,True,3.385353999969084,production_fast,budget_exhausted,True,deadline_exhausted,2.4274744000285864,5.203401100006886,7.975451399979647,True,200,,5.154229299980216,0.04177810001419857,0.003267899970524013,rss20,recognized_feed,10,"{'missing_title': 0, 'missing_time': 0, 'future': 0, 'stale': 0, 'fresh': 10}","{'KNRX': 0, 'LFCR': 0}",10,b5476f6aa097817d88c7e3d0d95bb3cc9594248b8a59f82b039e12a780c6768b,C:\Users\nelzo\.codex\worktrees\w01-consolidation\ibkr-trading-system\output\w02\provider_pass_20260928\raw_responses\04.response
https://feeds.businessinsider.com/custom/all,FAST_TRADING,available,True,1.4479855000390671,production_fast,budget_exhausted,True,deadline_exhausted,1.8912444000015967,5.203401100006886,5.268919199996162,True,200,,1.4915215999935754,0.376914799970109,0.0652993000112474,atom10,recognized_feed,20,"{'missing_title': 0, 'missing_time': 0, 'future': 0, 'stale': 0, 'fresh': 20}","{'KNRX': 0, 'LFCR': 0}",20,dcde1f9fc5a9a46d3ce0657cfe76d8bcdf30dd6594e6d5a2faf7fc2682807161,C:\Users\nelzo\.codex\worktrees\w01-consolidation\ibkr-trading-system\output\w02\provider_pass_20260928\raw_responses\05.response
https://seekingalpha.com/feed,FAST_TRADING,available,True,1.421416400000453,production_fast,budget_exhausted,True,deadline_exhausted,1.666764100024011,5.203401100006886,5.346732500009239,True,200,,1.4635634999722242,0.31380890001310036,0.004626000009011477,rss20,recognized_feed,30,"{'missing_title': 0, 'missing_time': 0, 'future': 0, 'stale': 0, 'fresh': 30}","{'KNRX': 0, 'LFCR': 0}",30,d928a83a1f1918d3562fe59d9981223290bc45d132d0bd40696a517d02ff4e06,C:\Users\nelzo\.codex\worktrees\w01-consolidation\ibkr-trading-system\output\w02\provider_pass_20260928\raw_responses\06.response
http://rss.cnn.com/rss/edition_business.rss,FAST_TRADING,available,True,0.4732384000089951,production_fast,available,True,,1.4152747000334784,5.203401100006886,4.123903699975926,False,200,,0.32171539997216314,0.013215399987529963,0.0007171999895945191,rss20,recognized_feed,20,"{'missing_title': 0, 'missing_time': 0, 'future': 0, 'stale': 20, 'fresh': 0}","{'KNRX': 0, 'LFCR': 0}",0,8dd47037c53ed3aef23ed2394aafaadb15bdd515898af795f0b84f779fde9248,C:\Users\nelzo\.codex\worktrees\w01-consolidation\ibkr-trading-system\output\w02\provider_pass_20260928\raw_responses\07.response
https://feeds.a.dj.com/rss/RSSMarketsMain.xml,PREP_EXTENDED,available,True,1.4940419999766164,production_extended,available,True,,0.6961976249876898,8.148794299981091,8.03348250000272,False,200,,2.61131489998661,0.05704139999579638,0.0005419999943114817,rss20,recognized_feed,20,"{'missing_title': 0, 'missing_time': 0, 'future': 0, 'stale': 20, 'fresh': 0}","{'KNRX': 0, 'LFCR': 0}",0,02b06b556a266f5760c0f31a693bd1912c8b1f9469ce52168647e43f68b3a523,C:\Users\nelzo\.codex\worktrees\w01-consolidation\ibkr-trading-system\output\w02\provider_pass_20260928\raw_responses\08.response
https://fortune.com/rss,PREP_EXTENDED,available,True,1.9382470999844372,production_extended,budget_exhausted,True,deadline_exhausted,0.6961976249876898,8.148794299981091,8.82052399998065,True,200,,3.1837370000430383,0.24226519995136186,0.02830899995751679,rss20,recognized_feed,10,"{'missing_title': 0, 'missing_time': 0, 'future': 0, 'stale': 6, 'fresh': 4}","{'KNRX': 0, 'LFCR': 0}",4,6e68f8afef7a445528b932283546f5317517b1540181188402f7054d285856b5,C:\Users\nelzo\.codex\worktrees\w01-consolidation\ibkr-trading-system\output\w02\provider_pass_20260928\raw_responses\09.response
https://www.forbes.com/business/feed2,PREP_EXTENDED,available,True,1.4493263000040315,production_extended,available,True,,0.6961976249876898,8.148794299981091,8.155685600009747,True,200,,2.6689068999839947,0.0938185999984853,0.024495000019669533,rss20,recognized_feed,25,"{'missing_title': 0, 'missing_time': 0, 'future': 0, 'stale': 0, 'fresh': 25}","{'KNRX': 0, 'LFCR': 0}",25,d5070ad1fe1ace0cea2f02f437044fb294086ed7e21d8d417982b8de0a0c03a2,C:\Users\nelzo\.codex\worktrees\w01-consolidation\ibkr-trading-system\output\w02\provider_pass_20260928\raw_responses\10.response
https://www.forbes.com/finance/feed2,PREP_EXTENDED,available,True,1.3375124000012875,production_extended,available,True,,0.6961976249876898,8.148794299981091,7.989141699974425,False,200,,2.6050641000038013,0.01227970002219081,7.209996692836285e-05,rss20,recognized_feed,0,"{'missing_title': 0, 'missing_time': 0, 'future': 0, 'stale': 0, 'fresh': 0}","{'KNRX': 0, 'LFCR': 0}",0,32cd51784d6ba97eae9e7b41068e9ed01d361c4bf194c3ed568980ce0f9a6ac3,C:\Users\nelzo\.codex\worktrees\w01-consolidation\ibkr-trading-system\output\w02\provider_pass_20260928\raw_responses\11.response
https://feeds.bbci.co.uk/news/rss.xml,PREP_EXTENDED,budget_exhausted,True,1.464915300020948,production_extended,budget_exhausted,True,deadline_exhausted,0.05315083333213503,8.148794299981091,11.000097599986475,True,200,,2.931975000014063,0.06581619998905808,0.012850400002207607,rss20,recognized_feed,33,"{'missing_title': 0, 'missing_time': 0, 'future': 1, 'stale': 17, 'fresh': 15}","{'KNRX': 0, 'LFCR': 0}",15,9feae501345a8b291105dba3d15d5b9a810abcdc6bf70192589334fae73c01ae,C:\Users\nelzo\.codex\worktrees\w01-consolidation\ibkr-trading-system\output\w02\provider_pass_20260928\raw_responses\12.response
https://www.bbc.com/news/business/rss.xml,PREP_EXTENDED,budget_exhausted,True,1.3475738000124693,production_extended,budget_exhausted,True,deadline_exhausted,0.057055599987506866,8.148794299981091,12.230150800023694,True,200,,4.151266300003044,0.04011280002305284,0.00396780000301078,rss20,recognized_feed,51,"{'missing_title': 0, 'missing_time': 0, 'future': 0, 'stale': 41, 'fresh': 10}","{'KNRX': 0, 'LFCR': 0}",10,65888771b343f804a47853c3af86b26515fa48df43e87d04dd430602f2e6c879,C:\Users\nelzo\.codex\worktrees\w01-consolidation\ibkr-trading-system\output\w02\provider_pass_20260928\raw_responses\13.response
https://feeds.skynews.com/feeds/rss/world.xml,PREP_EXTENDED,budget_exhausted,True,1.3097157999873161,health_only,budget_exhausted,False,deadline_exhausted_before_attempt,5.0,,11.210040199977811,,200,,2.9927215999923646,0.030698399990797043,0.0003100999747402966,rss20,recognized_feed,10,"{'missing_title': 0, 'missing_time': 0, 'future': 0, 'stale': 10, 'fresh': 0}","{'KNRX': 0, 'LFCR': 0}",0,69b2d35cf0b4d4ba0e76a23a1bffdb7580b5f8276c71a0a70b20c443e397399f,C:\Users\nelzo\.codex\worktrees\w01-consolidation\ibkr-trading-system\output\w02\provider_pass_20260928\raw_responses\14.response
https://www.france24.com/en/rss,PREP_EXTENDED,budget_exhausted,True,0.8404990999842994,health_only,budget_exhausted,False,deadline_exhausted_before_attempt,5.0,,10.732203199993819,,403,,2.5439449999830686,,0,,,,,,,103554725d2871bdf92690aa92bf97f9a46197974306cd2b144fe83ccc4e5e0f,C:\Users\nelzo\.codex\worktrees\w01-consolidation\ibkr-trading-system\output\w02\provider_pass_20260928\raw_responses\15.response
https://markets.businessinsider.com/rss,PREP_EXTENDED,budget_exhausted,False,0.0,health_only,budget_exhausted,False,deadline_exhausted_before_attempt,5.0,,12.570136499998625,,200,,4.189923500001896,0.15921399998478591,0.028690700011793524,atom10,recognized_feed,20,"{'missing_title': 0, 'missing_time': 0, 'future': 0, 'stale': 0, 'fresh': 20}","{'KNRX': 0, 'LFCR': 0}",20,dcde1f9fc5a9a46d3ce0657cfe76d8bcdf30dd6594e6d5a2faf7fc2682807161,C:\Users\nelzo\.codex\worktrees\w01-consolidation\ibkr-trading-system\output\w02\provider_pass_20260928\raw_responses\16.response
https://www.investing.com/rss/news.rss,PREP_EXTENDED,budget_exhausted,False,0.0,health_only,budget_exhausted,False,deadline_exhausted_before_attempt,5.0,,11.1763744999771,,200,,2.953285399999004,0.02533400000538677,0.0032300999737344682,rss20,recognized_feed,10,"{'missing_title': 0, 'missing_time': 0, 'future': 0, 'stale': 0, 'fresh': 10}","{'KNRX': 0, 'LFCR': 0}",10,ec8a6dd397478812a2ac094c8e43216374fc4a0cad5cbe23693c2a3fefcba184,C:\Users\nelzo\.codex\worktrees\w01-consolidation\ibkr-trading-system\output\w02\provider_pass_20260928\raw_responses\17.response
https://www.marketbeat.com/feed,PREP_EXTENDED,budget_exhausted,False,0.0,health_only,budget_exhausted,False,deadline_exhausted_before_attempt,5.0,,12.62141680001514,,200,,1.8327594000147656,0.04939950001426041,0.0010546999983489513,rss20,recognized_feed,100,"{'missing_title': 0, 'missing_time': 0, 'future': 0, 'stale': 99, 'fresh': 1}","{'KNRX': 0, 'LFCR': 0}",1,d9a322cb1d645178842b77c32492e16cd7120a052443fe406c3d775af7fe818b,C:\Users\nelzo\.codex\worktrees\w01-consolidation\ibkr-trading-system\output\w02\provider_pass_20260928\raw_responses\18.response
https://techcrunch.com/rss,PREP_EXTENDED,budget_exhausted,False,0.0,health_only,budget_exhausted,False,deadline_exhausted_before_attempt,5.0,,12.365842300001532,,200,,1.1670134000014514,0.01994839997496456,0.0024158000014722347,rss20,recognized_feed,20,"{'missing_title': 0, 'missing_time': 0, 'future': 0, 'stale': 2, 'fresh': 18}","{'KNRX': 0, 'LFCR': 0}",18,98d1870fd5ce24dd23ed9485d91a0e2e385aeb78a2937139587b556f06bb1b2a,C:\Users\nelzo\.codex\worktrees\w01-consolidation\ibkr-trading-system\output\w02\provider_pass_20260928\raw_responses\19.response
https://venturebeat.com/feed,PREP_EXTENDED,budget_exhausted,False,0.0,health_only,budget_exhausted,False,deadline_exhausted_before_attempt,5.0,,12.366145999985747,,429,,1.1557251999620348,,0,,,,,,,c61cf957e33add2e987967ba85128ee5be478ae88a95bf4e4e1c1b4ef3805cd4,C:\Users\nelzo\.codex\worktrees\w01-consolidation\ibkr-trading-system\output\w02\provider_pass_20260928\raw_responses\20.response
